genome_id,cluster_id
1328381.3,0
1328382.3,1
1328383.3,2
1328384.3,3
1328385.3,4
1328386.3,2
1328387.3,2
1328399.3,2
1328401.3,2
1328404.3,2
1328405.3,5
1328407.3,2
1328409.3,2
1328411.3,2
1328413.3,2
1328415.3,6
1438708.3,7
1438709.3,2
1438711.3,2
1438712.3,2
1438713.3,2
1438714.3,2
1438715.3,2
1438717.3,2
1438718.3,2
1438719.3,2
1438720.3,2
1438722.3,2
1438723.3,2
1438724.3,2
1438725.3,2
1438726.3,2
1438727.3,8
1438728.3,2
1438729.3,2
1438730.3,9
1438731.3,2
1438732.3,2
1438733.3,2
1438734.3,2
1438735.3,2
1438736.3,2
1438737.3,2
1438738.3,2
1438739.3,2
1438740.3,2
1438741.3,2
1438742.3,2
1438743.3,2
1438744.3,2
1438745.3,2
1438746.3,2
1438747.3,2
1438748.3,2
1438749.3,10
1438750.3,2
1438751.3,2
1438752.3,2
1438753.3,2
1438754.3,10
1438755.3,2
1438756.3,2
1438757.3,2
1438758.3,2
1438759.3,2
1438760.3,2
1438761.3,2
1438762.3,2
1438763.3,2
1438764.3,2
1438765.3,2
1438766.3,2
1438767.3,2
1438768.3,2
1438769.3,2
1438770.3,2
1438771.3,2
1438772.3,5
1438773.3,2
1438774.3,2
1438775.3,2
1438776.3,2
1438777.3,2
1438778.3,2
1438779.3,2
1438780.3,2
1438781.3,2
573.12771,8
573.12772,2
573.12773,11
573.12777,2
573.12778,2
573.12779,6
573.12780,11
573.12781,11
573.12782,9
573.12783,12
573.12796,13
573.12858,14
573.12859,3
573.12860,15
573.12861,16
573.12862,2
573.12863,17
573.12864,2
573.12865,18
573.12867,19
573.12868,20
573.12869,21
573.12870,13
573.12871,6
573.12872,22
573.12873,23
573.12874,24
573.12875,25
573.12876,13
573.12877,19
573.12878,26
573.12879,13
573.12880,2
573.12881,27
573.12882,6
573.12883,23
573.12884,2
573.12885,28
573.12886,29
573.12887,2
573.12888,2
573.12889,30
573.12890,31
573.12891,32
573.12892,33
573.12893,34
573.12894,19
573.12895,35
573.12896,35
573.12897,13
573.12898,19
573.12899,36
573.12900,37
573.12901,38
573.12902,39
573.12903,40
573.12904,41
573.12905,19
573.12906,18
573.12907,6
573.12908,42
573.12909,2
573.12910,8
573.12911,35
573.12912,18
573.12913,2
573.12914,10
573.12915,43
573.12916,44
573.12917,45
573.12918,46
573.12919,19
573.12920,2
573.12921,47
573.12922,48
573.12923,49
573.12924,35
573.12925,31
573.12926,50
573.12927,5
573.12928,51
573.12930,2
573.12931,2
573.12932,19
573.12933,52
573.12934,28
573.12935,3
573.12936,2
573.12937,8
573.12938,53
573.12939,54
573.12940,55
573.12941,56
573.12942,35
573.12943,46
573.12944,32
573.12945,35
573.12946,52
573.12947,19
573.12948,3
573.12949,57
573.12950,58
573.12951,59
573.12952,60
573.12953,19
573.12954,8
573.12955,61
573.12956,62
573.12957,19
573.12958,2
573.12959,63
573.12960,64
573.12961,65
573.12962,31
573.12963,66
573.12964,35
573.12965,8
573.12966,19
573.12967,11
573.12968,67
573.12969,53
573.12970,19
573.12971,32
573.12972,8
573.12973,11
573.12974,68
573.12975,19
573.12976,26
573.12977,69
573.12978,6
573.12979,70
573.12980,18
573.12981,2
573.12982,13
573.12983,71
573.12984,72
573.12985,52
573.12986,8
573.12987,73
573.12988,74
573.12989,51
573.12990,2
573.12991,18
573.12992,32
573.12993,6
573.12994,19
573.12995,38
573.12996,6
573.12997,31
573.12998,75
573.12999,32
573.13000,8
573.13001,32
573.13002,48
573.13003,38
573.13004,76
573.13005,77
573.13006,78
573.13007,2
573.13008,19
573.13009,79
573.13010,19
573.13011,2
573.13012,35
573.13013,52
573.13014,35
573.13015,48
573.13016,62
573.13017,80
573.13018,19
573.13019,6
573.13020,81
573.13021,3
573.13022,82
573.13023,2
573.13024,19
573.13025,8
573.13026,83
573.13027,6
573.13028,19
573.13029,6
573.13031,84
573.13032,85
573.13033,19
573.13034,2
573.13035,19
573.13036,84
573.13037,5
573.13038,84
573.13039,2
573.13040,19
573.13041,2
573.13042,2
573.13043,86
573.13044,2
573.13045,2
573.13046,75
573.13047,87
573.13048,19
573.13049,19
573.13050,31
573.13051,2
573.13052,2
573.13053,2
573.13054,88
573.13055,19
573.13056,43
573.13057,89
573.13058,90
573.13059,26
573.13060,19
573.13061,19
573.13062,19
573.13063,19
573.13064,26
573.13065,2
573.13066,2
573.13067,2
573.13068,2
573.13069,2
573.13070,2
573.13071,2
573.13072,34
573.13073,19
573.13074,85
573.13075,19
573.13076,2
573.13077,19
573.13079,2
573.13080,84
573.13081,80
573.13082,19
573.13083,2
573.13084,2
573.13085,2
573.13086,26
573.13087,19
573.13088,2
573.13089,19
573.13090,19
573.13091,8
573.13092,19
573.13093,26
573.13094,34
573.13095,19
573.13096,2
573.13097,19
573.13098,26
573.13099,91
573.13100,15
573.13101,91
573.13102,92
573.13103,92
573.13104,28
573.13105,2
573.13106,2
573.13107,34
573.13108,2
573.13109,19
573.13110,2
573.13111,19
573.13112,2
573.13113,19
573.13114,2
573.13115,93
573.13116,26
573.13117,6
573.13118,94
573.13119,2
573.13120,19
573.13121,19
573.13122,34
573.13123,6
573.13124,34
573.13125,19
573.13126,34
573.13127,2
573.13128,26
573.13129,80
573.13130,77
573.13131,2
573.13132,2
573.13133,95
573.13134,96
573.13135,97
573.13136,19
573.13137,31
573.13138,2
573.13139,19
573.13140,19
573.13141,85
573.13142,34
573.13143,6
573.13144,26
573.13145,2
573.13146,95
573.13147,45
573.13148,19
573.13149,26
573.13150,77
573.13151,19
573.13152,19
573.13153,2
573.13156,2
573.13157,2
573.13158,98
573.13159,19
573.13160,19
573.13161,2
573.13162,21
573.13163,2
573.13164,19
573.13165,96
573.13166,96
573.13167,19
573.13168,96
573.13169,2
573.13170,96
573.13171,34
573.13172,19
573.13173,19
573.13174,19
573.13175,2
573.13176,2
573.13177,2
573.13178,19
573.13179,2
573.13180,19
573.13181,19
573.13182,57
573.13183,99
573.13185,19
573.13186,19
573.13187,19
573.13189,2
573.13190,2
573.13191,2
573.13192,19
573.13193,2
573.13194,19
573.13195,19
573.13196,19
573.13197,26
573.13198,100
573.13199,100
573.13200,19
573.13201,2
573.13202,101
573.13203,88
573.13204,57
573.13205,2
573.13206,2
573.13207,2
573.13208,2
573.13209,19
573.13210,2
573.13211,2
573.13212,19
573.13213,19
573.13214,19
573.13215,19
573.13216,77
573.13217,2
573.13218,19
573.13219,2
573.13220,19
573.13221,2
573.13222,19
573.13223,19
573.13224,19
573.13225,19
573.13226,19
573.13227,19
573.13228,2
573.13229,80
573.13230,26
573.13231,19
573.13232,2
573.13233,2
573.13234,2
573.13235,19
573.13236,2
573.13237,2
573.13238,2
573.13239,19
573.13240,2
573.13241,102
573.13242,88
573.13243,103
573.13244,26
573.13245,103
573.13246,19
573.13247,19
573.13248,19
573.13249,19
573.13250,88
573.13251,19
573.13252,5
573.13253,104
573.13254,34
573.13255,2
573.13256,19
573.13257,19
573.13258,86
573.13259,19
573.13260,45
573.13261,19
573.13262,19
573.13263,19
573.13264,19
573.13265,19
573.13266,26
573.13267,19
573.13268,19
573.13269,77
573.13270,19
573.13271,2
573.13272,26
573.13273,105
573.13274,19
573.13275,106
573.13276,19
573.13277,106
573.13278,19
573.13279,6
573.13280,19
573.13281,2
573.13282,26
573.13283,19
573.13284,107
573.13285,19
573.13286,96
573.13287,2
573.13288,21
573.13289,19
573.13290,19
573.13291,19
573.13292,19
573.13293,19
573.13294,19
573.13295,107
573.13296,108
573.13297,108
573.13298,107
573.13299,19
573.13300,26
573.13301,84
573.13302,88
573.13303,2
573.13304,109
573.13305,19
573.13306,110
573.13307,2
573.13308,77
573.13309,13
573.13310,26
573.13311,19
573.13312,77
573.13313,19
573.13314,110
573.13315,19
573.13316,19
573.13317,19
573.13318,84
573.13319,84
573.13321,111
573.13322,2
573.13323,13
573.13324,2
573.13325,112
573.13326,19
573.13327,19
573.13328,19
573.13329,26
573.13330,26
573.13331,80
573.13332,60
573.13333,19
573.13334,19
573.13335,113
573.13336,19
573.13338,19
573.13340,19
573.13341,2
573.13342,2
573.13343,2
573.13344,114
573.13345,19
573.13346,115
573.13347,2
573.13348,13
573.13349,116
573.13350,21
573.13351,2
573.13352,13
573.13353,2
573.13354,13
573.13355,19
573.13356,19
573.13357,84
573.13358,117
573.13359,106
573.13360,19
573.13361,2
573.13362,2
573.13363,2
573.13364,11
573.13365,13
573.13366,118
573.13367,6
573.13368,26
573.13369,2
573.13370,5
573.13371,19
573.13372,45
573.13373,19
573.13374,84
573.13375,84
573.13376,19
573.13377,19
573.13378,2
573.13379,45
573.13380,2
573.13381,62
573.13382,19
573.13383,119
573.13384,2
573.13385,84
573.13386,120
573.13387,2
573.13388,19
573.13389,13
573.13390,2
573.13391,45
573.13392,2
573.13393,19
573.13394,2
573.13395,45
573.13396,19
573.13397,13
573.13398,6
573.13399,2
573.13400,2
573.13401,48
573.13402,2
573.13403,22
573.13404,45
573.13405,19
573.13406,26
573.13407,19
573.13408,121
573.13409,119
573.13411,122
573.13412,2
573.13413,19
573.13414,84
573.13415,19
573.13416,19
573.13417,123
573.13418,2
573.13419,124
573.13420,6
573.13422,58
573.13424,19
573.13425,19
573.13426,125
573.13427,19
573.13428,10
573.13429,2
573.13430,19
573.13431,2
573.13432,2
573.13433,2
573.13434,19
573.13435,2
573.13436,19
573.13437,45
573.13438,19
573.13440,2
573.13441,19
573.13442,119
573.13443,18
573.13444,2
573.13445,2
573.13446,19
573.13447,19
573.13448,2
573.13449,2
573.13450,2
573.13451,19
573.13452,62
573.13453,2
573.13454,19
573.13455,2
573.13456,10
573.13457,126
573.13458,127
573.13459,80
573.13460,2
573.13461,2
573.13462,19
573.13463,19
573.13464,128
573.13465,6
573.13466,6
573.13467,19
573.13468,2
573.13469,19
573.13470,2
573.13471,69
573.13472,84
573.13473,127
573.13474,6
573.13475,26
573.13476,6
573.13477,2
573.13478,2
573.13479,26
573.13480,48
573.13481,19
573.13482,19
573.13483,19
573.13484,129
573.13485,2
573.13486,57
573.13487,26
573.13488,26
573.13489,19
573.13490,2
573.13491,2
573.13492,130
573.13493,19
573.13494,2
573.13495,19
573.13496,19
573.13497,19
573.13498,131
573.13499,34
573.13500,19
573.13501,131
573.13502,2
573.13503,2
573.13504,19
573.13505,100
573.13506,45
573.13507,13
573.13508,8
573.13509,69
573.13510,2
573.13511,8
573.13512,19
573.13513,19
573.13514,91
573.13515,6
573.13516,19
573.13517,34
573.13518,2
573.13519,19
573.13520,19
573.13521,91
573.13522,19
573.13523,2
573.13524,2
573.13525,2
573.13526,19
573.13527,85
573.13528,2
573.13529,2
573.13530,19
573.13531,2
573.13532,6
573.13533,19
573.13534,26
573.13535,2
573.13537,88
573.13538,19
573.13539,19
573.13540,88
573.13541,2
573.13542,84
573.13543,2
573.13544,19
573.13545,86
573.13546,2
573.13547,19
573.13548,19
573.13549,6
573.13550,2
573.13551,19
573.13552,2
573.13553,2
573.13554,60
573.13555,31
573.13556,128
573.13557,19
573.13558,19
573.13559,2
573.13560,34
573.13561,19
573.13562,19
573.13563,2
573.13564,19
573.13565,2
573.13566,2
573.13567,86
573.13568,10
573.13569,19
573.13570,132
573.13571,19
573.13572,133
573.13573,2
573.13574,19
573.13575,19
573.13576,8
573.13577,19
573.13578,2
573.13579,19
573.13580,26
573.13581,19
573.13582,19
573.13583,19
573.13584,2
573.13585,2
573.13586,127
573.13587,2
573.13588,13
573.13589,10
573.13590,34
573.13591,134
573.13592,2
573.13593,2
573.13594,19
573.13595,2
573.13596,19
573.13597,19
573.13598,19
573.13599,10
573.13600,2
573.13601,19
573.13602,19
573.13603,2
573.13604,19
573.13605,135
573.13606,19
573.13607,19
573.13608,135
573.13609,19
573.13610,19
573.13611,60
573.13612,2
573.13613,10
573.13614,136
573.13615,11
573.13616,2
573.13617,2
573.13618,134
573.13619,19
573.13620,19
573.13621,19
573.13622,137
573.13623,45
573.13624,19
573.13625,26
573.13626,19
573.13627,138
573.13628,13
573.13629,2
573.13630,139
573.13631,26
573.13632,2
573.13633,84
573.13634,2
573.13635,2
573.13636,13
573.13637,8
573.13638,19
573.13639,140
573.13640,19
573.13641,141
573.13642,138
573.13643,19
573.13644,19
573.13645,19
573.13646,19
573.13647,142
573.13648,2
573.13649,142
573.13650,19
573.13651,140
573.13652,19
573.13653,2
573.13654,13
573.13655,2
573.13656,143
573.13657,19
573.13658,19
573.13659,19
573.13660,91
573.13661,19
573.13662,38
573.13663,138
573.13664,8
573.13665,2
573.13666,19
573.13667,26
573.13668,11
573.13669,85
573.13670,2
573.13671,102
573.13672,91
573.13673,62
573.13674,19
573.13675,84
573.13676,2
573.13677,141
573.13678,19
573.13679,11
573.13680,2
573.13681,11
573.13682,2
573.13683,19
573.13684,2
573.13685,19
573.13686,19
573.13687,19
573.13688,19
573.13689,19
573.13690,2
573.13691,2
573.13692,19
573.13693,19
573.13694,19
573.13695,26
573.13696,26
573.13697,11
573.13698,26
573.13699,2
573.13700,19
573.13701,31
573.13702,19
573.13703,8
573.13704,2
573.13705,144
573.13706,2
573.13707,19
573.13708,19
573.13709,19
573.13710,19
573.13711,145
573.13712,19
573.13713,19
573.13714,32
573.13715,2
573.13716,19
573.13717,57
573.13718,19
573.13719,146
573.13720,8
573.13721,2
573.13722,19
573.13723,147
573.13724,13
573.13725,2
573.13726,38
573.13727,19
573.13728,19
573.13729,13
573.13730,31
573.13731,19
573.13732,85
573.13733,26
573.13734,19
573.13735,31
573.13736,6
573.13737,2
573.13738,11
573.13739,5
573.13740,8
573.13741,2
573.13742,45
573.13743,2
573.13744,26
573.13745,146
573.13746,19
573.13747,19
573.13748,148
573.13749,2
573.13750,19
573.13751,19
573.13752,6
573.13753,19
573.13754,149
573.13755,19
573.13756,2
573.13757,19
573.13758,19
573.13759,2
573.13760,150
573.13761,19
573.13762,19
573.13763,45
573.13764,151
573.13765,2
573.13766,19
573.13767,31
573.13768,11
573.13769,2
573.13770,19
573.13771,19
573.13772,26
573.13773,2
573.13774,46
573.13775,2
573.13777,19
573.13778,2
573.13779,19
573.13780,19
573.13781,2
573.13782,19
573.13783,19
573.13784,2
573.13785,13
573.13786,26
573.13787,19
573.13788,2
573.13789,31
573.13790,2
573.13791,152
573.13792,84
573.13793,153
573.13794,8
573.13795,19
573.13796,2
573.13797,2
573.13798,154
573.13799,155
573.13800,19
573.13801,38
573.13802,2
573.13803,2
573.13804,156
573.13805,157
573.13806,2
573.13807,19
573.13808,2
573.13809,11
573.13810,19
573.13811,19
573.13812,19
573.13813,19
573.13814,11
573.13815,57
573.13816,19
573.13817,158
573.13818,13
573.13819,19
573.13820,31
573.13821,98
573.13822,159
573.13823,26
573.13824,2
573.13825,8
573.13826,13
573.13827,13
573.13828,13
573.13829,2
573.13830,19
573.13831,19
573.13832,19
573.13833,10
573.13834,160
573.13835,161
573.13836,19
573.13838,2
573.13839,13
573.13840,2
573.13841,80
573.13842,2
573.13843,48
573.13844,31
573.13845,31
573.13846,2
573.13847,2
573.13848,8
573.13849,2
573.13850,2
573.13851,98
573.13852,2
573.13853,8
573.13854,19
573.13855,19
573.13856,2
573.13857,26
573.13858,57
573.13859,46
573.13860,13
573.13861,2
573.13862,2
573.13863,85
573.13864,19
573.13865,19
573.13866,19
573.13867,2
573.13868,11
573.13869,13
573.13870,162
573.13871,11
573.13872,2
573.13873,19
573.13874,38
573.13875,45
573.13876,2
573.13877,2
573.13878,2
573.13879,2
573.13880,19
573.13881,2
573.13882,8
573.13883,31
573.13884,26
573.13885,19
573.13886,19
573.13887,2
573.13888,11
573.13889,163
573.13890,11
573.13891,6
573.13892,31
573.13893,2
573.13894,19
573.13895,2
573.13896,19
573.13897,91
573.13898,19
573.13899,26
573.13900,19
573.13901,19
573.13902,62
573.13903,19
573.13904,2
573.13905,2
573.13906,19
573.13907,19
573.13908,2
573.13909,19
573.13910,26
573.13911,164
573.13912,19
573.13913,2
573.13914,11
573.13915,2
573.13916,165
573.13917,2
573.13918,19
573.13919,166
573.13920,2
573.13921,2
573.13922,19
573.13923,2
573.13924,167
573.13925,48
573.13926,19
573.13927,19
573.13928,151
573.13929,168
573.13930,19
573.13931,2
573.13932,11
573.13933,2
573.13934,13
573.13935,91
573.13936,164
573.13937,2
573.13938,19
573.13939,2
573.13940,2
573.13941,19
573.13942,2
573.13943,31
573.13944,19
573.13945,19
573.13946,169
573.13947,19
573.13948,2
573.13949,45
573.13950,45
573.13951,2
573.13952,19
573.13953,2
573.13954,19
573.13955,19
573.13956,19
573.13957,19
573.13958,19
573.13959,19
573.13960,2
573.13961,34
573.13962,45
573.13963,100
573.13964,127
573.13965,19
573.13966,62
573.13967,170
573.13968,171
573.13969,26
573.13970,19
573.13971,19
573.13972,26
573.13973,172
573.13974,2
573.13975,2
573.13976,19
573.13977,2
573.13978,2
573.13979,19
573.13980,5
573.13981,2
573.13982,19
573.13983,19
573.13984,62
573.13985,26
573.13986,2
573.13987,62
573.13988,62
573.13989,2
573.13990,173
573.13991,2
573.13992,19
573.13993,86
573.13994,13
573.13995,174
573.13996,13
573.13997,2
573.13998,2
573.13999,2
573.14000,2
573.14001,26
573.14002,19
573.14003,2
573.14004,26
573.14005,19
573.14006,2
573.14007,19
573.14008,19
573.14009,19
573.14010,19
573.14011,19
573.14012,2
573.14013,5
573.14014,175
573.14015,19
573.14016,19
573.14017,19
573.14018,19
573.14019,19
573.14020,19
573.14022,2
573.14023,2
573.14024,19
573.14026,84
573.14027,176
573.14028,19
573.14029,19
573.14030,19
573.14031,19
573.14032,79
573.14033,2
573.14034,26
573.14035,19
573.14036,2
573.14037,26
573.14038,19
573.14039,19
573.14040,2
573.14041,19
573.14042,19
573.14043,176
573.14044,19
573.14045,19
573.14046,26
573.14047,5
573.14048,19
573.14049,2
573.14050,2
573.14051,26
573.14052,2
573.14053,2
573.14054,100
573.14055,19
573.14056,19
573.14057,11
573.14058,2
573.14059,177
573.14060,2
573.14061,19
573.14062,19
573.14063,19
573.14064,5
573.14065,19
573.14066,2
573.14067,19
573.14068,19
573.14069,19
573.14070,178
573.14071,178
573.14072,13
573.14073,5
573.14074,19
573.14075,19
573.14076,2
573.14077,19
573.14078,19
573.14079,19
573.14080,19
573.14081,2
573.14082,13
573.14083,19
573.14084,2
573.14085,19
573.14086,179
573.14087,19
573.14088,19
573.14089,19
573.14090,2
573.14091,2
573.14092,19
573.14093,19
573.14094,13
573.14095,19
573.14096,19
573.14097,2
573.14098,2
573.14099,19
573.14100,13
573.14101,180
573.14102,19
573.14103,26
573.14104,176
573.14105,2
573.14106,19
573.14107,19
573.14108,181
573.14109,19
573.14110,19
573.14111,19
573.14112,19
573.14113,19
573.14114,2
573.14115,2
573.14116,19
573.14117,176
573.14118,2
573.14119,45
573.14120,179
573.14121,19
573.14122,2
573.14123,19
573.14124,19
573.14125,2
573.14126,19
573.14127,19
573.14128,2
573.14129,19
573.14130,19
573.14131,19
573.14132,19
573.14133,19
573.14134,19
573.14135,182
573.14136,2
573.14137,2
573.14138,19
573.14139,2
573.14140,19
573.14141,45
573.14142,26
573.14143,19
573.14144,19
573.14146,2
573.14147,19
573.14148,2
573.14149,13
573.14150,18
573.14151,45
573.14152,19
573.14153,2
573.14154,19
573.14155,45
573.14156,19
573.14158,2
573.14159,19
573.14160,183
573.14161,26
573.14162,19
573.14163,19
573.14164,62
573.14165,2
573.14166,19
573.14167,19
573.14168,19
573.14169,80
573.14170,184
573.14171,5
573.14172,19
573.14173,2
573.14174,19
573.14175,2
573.14176,19
573.14177,2
573.14178,2
573.14179,19
573.14180,100
573.14181,2
573.14182,2
573.14183,2
573.14184,2
573.14185,2
573.14186,19
573.14187,19
573.14188,19
573.14189,13
573.14190,26
573.14191,13
573.14192,19
573.14193,2
573.14194,26
573.14195,19
573.14196,19
573.14197,19
573.14198,18
573.14199,57
573.14200,2
573.14201,185
573.14202,19
573.14203,26
573.14204,19
573.14205,18
573.14206,2
573.14207,19
573.14208,26
573.14209,19
573.14210,19
573.14211,26
573.14212,19
573.14213,2
573.14214,5
573.14215,19
573.14216,2
573.14217,19
573.14218,2
573.14219,57
573.14220,19
573.14221,100
573.14222,186
573.14223,164
573.14224,2
573.14225,187
573.14226,2
573.14227,188
573.14228,2
573.14229,31
573.14230,2
573.14231,189
573.14232,19
573.14233,2
573.14234,190
573.14235,13
573.14236,19
573.14237,191
573.14238,19
573.14239,2
573.14240,2
573.14241,2
573.14242,2
573.14243,2
573.14244,19
573.14245,62
573.14246,192
573.14247,19
573.14248,19
573.14249,193
573.14250,164
573.14251,2
573.14252,19
573.14253,19
573.14254,2
573.14255,2
573.14256,2
573.14257,26
573.14258,26
573.14259,26
573.14260,164
573.14261,164
573.14262,19
573.14263,164
573.14264,19
573.14265,13
573.14266,2
573.14267,11
573.14268,19
573.14269,2
573.14270,19
573.14271,45
573.14272,127
573.14273,19
573.14274,194
573.14275,195
573.14276,96
573.14277,164
573.14278,19
573.14279,13
573.14280,2
573.14281,164
573.14282,2
573.14283,2
573.14284,19
573.14285,19
573.14286,19
573.14287,196
573.14288,2
573.14289,2
573.14290,19
573.14291,19
573.14292,19
573.14293,2
573.14294,13
573.14295,45
573.14296,19
573.14297,197
573.14298,26
573.14299,2
573.14300,19
573.14301,5
573.14302,31
573.14303,19
573.14304,13
573.14305,5
573.14306,2
573.14307,2
573.14308,2
573.14309,85
573.14310,19
573.14311,19
573.14312,13
573.14313,2
573.14314,19
573.14315,2
573.14316,19
573.14317,2
573.14319,19
573.14320,26
573.14321,2
573.14322,19
573.14323,2
573.14324,80
573.14325,19
573.14326,19
573.14327,38
573.14328,198
573.14329,2
573.14330,123
573.14331,19
573.14332,26
573.14333,19
573.14334,18
573.14335,13
573.14336,26
573.14337,26
573.14338,199
573.14339,19
573.14340,19
573.14341,26
573.14342,19
573.14343,13
573.14344,84
573.14345,13
573.14346,19
573.14347,19
573.14348,13
573.14349,19
573.14350,13
573.14351,19
573.14352,19
573.14353,2
573.14354,2
573.14355,19
573.14356,19
573.14357,19
573.14358,19
573.14359,200
573.14360,19
573.14361,19
573.14362,19
573.14363,84
573.14364,2
573.14365,88
573.14366,26
573.14367,19
573.14368,2
573.14369,26
573.14371,2
573.14372,38
573.14373,2
573.14374,5
573.14375,201
573.14376,48
573.14377,19
573.14378,2
573.14379,13
573.14380,19
573.14381,13
573.14382,2
573.14383,19
573.14384,2
573.14385,2
573.14386,26
573.14387,198
573.14388,2
573.14389,19
573.14390,2
573.14391,19
573.14392,26
573.14393,19
573.14394,2
573.14395,2
573.14396,26
573.14397,80
573.14398,19
573.14399,19
573.14400,2
573.14401,2
573.14402,84
573.14403,19
573.14404,34
573.14405,13
573.14406,19
573.14407,19
573.14408,84
573.14409,2
573.14410,202
573.14411,203
573.14412,204
573.14413,19
573.14415,13
573.14416,13
573.14417,19
573.14418,19
573.14419,19
573.14420,205
573.14421,26
573.14422,19
573.14423,80
573.14424,19
573.14425,2
573.14426,19
573.14427,8
573.14428,75
573.14429,8
573.14430,19
573.14431,206
573.14432,207
573.14433,19
573.14434,2
573.14435,208
573.14436,19
573.14437,19
573.14438,19
573.14439,209
573.14440,38
573.14441,2
573.14442,19
573.14443,210
573.14444,2
573.14445,84
573.14446,19
573.14447,19
573.14448,19
573.14449,19
573.14450,19
573.14451,2
573.14452,19
573.14453,19
573.14454,181
573.14455,19
573.14456,19
573.14457,19
573.14458,19
573.14459,19
573.14460,19
573.14461,26
573.14462,2
573.14463,61
573.14464,34
573.14465,2
573.14466,2
573.14467,19
573.14468,26
573.14469,38
573.14470,19
573.14471,19
573.14472,19
573.14473,19
573.14474,19
573.14475,2
573.14477,2
573.14478,19
573.14479,211
573.14480,2
573.14481,26
573.14482,19
573.14483,2
573.14484,26
573.14485,2
573.14486,19
573.14487,19
573.14488,19
573.14489,19
573.14490,26
573.14491,2
573.14492,19
573.14493,212
573.14494,19
573.14495,19
573.14496,2
573.14497,19
573.14498,2
573.14499,61
573.14500,19
573.14501,19
573.14502,19
573.14503,26
573.14504,19
573.14505,8
573.14506,213
573.14507,2
573.14508,19
573.14509,2
573.14510,10
573.14511,26
573.14512,2
573.14513,19
573.14514,10
573.14515,10
573.14516,2
573.14517,19
573.14518,10
573.14519,19
573.14520,19
573.14521,19
573.14522,19
573.14523,2
573.14524,2
573.14525,19
573.14526,19
573.14527,10
573.14528,19
573.14529,26
573.14530,19
573.14531,2
573.14532,19
573.14533,2
573.14534,26
573.14535,19
573.14536,2
573.14537,2
573.14538,26
573.14539,84
573.14540,2
573.14541,19
573.14542,2
573.14543,19
573.14544,84
573.14545,2
573.14546,84
573.14547,2
573.14548,19
573.14549,19
573.14550,84
573.14804,214
573.15042,215
573.15043,9
573.15044,2
573.15107,2
573.15108,5
573.15217,2
573.15329,130
573.15360,69
573.15361,69
573.15362,21
573.15364,130
573.15366,6
573.15367,21
573.15368,21
573.15369,130
573.15370,130
573.15371,130
573.15372,6
573.15373,6
573.15374,130
573.15375,130
573.15376,130
573.15377,21
573.15420,2
573.15432,6
573.15433,5
573.15434,13
573.15435,13
573.15436,13
573.15437,19
573.15438,13
573.15439,13
573.15440,13
573.15441,13
573.15442,130
573.15443,216
573.15444,217
573.15445,19
573.15446,13
573.15447,13
573.15448,13
573.15449,11
573.15450,58
573.15451,58
573.15452,218
573.15455,19
573.15456,58
573.15458,219
573.15459,5
573.15460,220
573.15461,13
573.15462,19
573.15463,6
573.15465,18
573.15466,13
573.15467,13
573.15468,130
573.15469,8
573.15470,48
573.15471,218
573.15472,13
573.15473,85
573.15474,13
573.15475,219
573.15476,219
573.15477,221
573.15478,13
573.15479,18
573.15480,219
573.15481,181
573.15482,13
573.15483,69
573.15484,219
573.15485,9
573.15486,13
573.15487,13
573.15488,13
573.15489,13
573.15490,13
573.15491,13
573.15492,123
573.15493,219
573.15495,219
573.15496,13
573.15497,219
573.15498,219
573.15499,219
573.15500,69
573.15501,219
573.15502,13
573.15503,219
573.15504,40
573.15505,219
573.15506,222
573.15507,219
573.15508,219
573.15509,10
573.15510,223
573.15511,224
573.15512,225
573.15513,226
573.15514,227
573.15515,211
573.15516,21
573.15517,228
573.15518,3
573.15519,21
573.15520,77
573.15521,48
573.15522,229
573.15523,230
573.15524,227
573.15525,231
573.15526,42
573.15527,232
573.15528,198
573.15529,198
573.15530,233
573.15531,234
573.15533,235
573.15534,236
573.15535,198
573.15536,6
573.15537,237
573.15538,238
573.15539,48
573.15540,239
573.15541,240
573.15542,241
573.15543,242
573.15544,243
573.15545,13
573.15546,13
573.15547,244
573.15548,245
573.15550,246
573.15551,247
573.15552,90
573.15553,248
573.15554,249
573.15555,198
573.15556,198
573.15557,250
573.15558,211
573.15559,232
573.15560,6
573.15561,251
573.15562,118
573.15563,252
573.15564,253
573.15565,48
573.15566,254
573.15567,255
573.15568,256
573.15569,40
573.15570,257
573.15571,258
573.15572,259
573.15573,260
573.15574,261
573.15575,262
573.15576,263
573.15577,264
573.15579,263
573.15580,21
573.15581,18
573.15582,265
573.15583,6
573.15584,266
573.15585,16
573.15586,113
573.15587,58
573.15588,48
573.15589,77
573.15590,267
573.15591,48
573.15592,233
573.15593,21
573.15594,268
573.15595,21
573.15596,269
573.15597,270
573.15598,82
573.15599,13
573.15600,271
573.15601,22
573.15602,21
573.15603,130
573.15605,84
573.15606,13
573.15607,272
573.15608,273
573.15609,233
573.15610,21
573.15611,69
573.15612,274
573.15613,21
573.15614,21
573.15615,275
573.15616,233
573.15617,274
573.15618,21
573.15619,276
573.15620,273
573.15621,22
573.15622,268
573.15623,277
573.15624,198
573.15626,21
573.15627,269
573.15628,278
573.15629,130
573.15630,26
573.15631,57
573.15632,57
573.15633,57
573.15634,57
573.15635,9
573.15636,57
573.15637,57
573.15638,57
573.15639,9
573.15640,57
573.15641,57
573.15642,57
573.15643,26
573.15644,57
573.15645,57
573.15646,57
573.15647,9
573.15648,62
573.15649,145
573.15650,145
573.15651,145
573.15652,145
573.15653,145
573.15654,9
573.15655,9
573.15656,9
573.15657,9
573.15658,9
573.15659,9
573.15661,9
573.15662,9
573.15663,9
573.15664,9
573.15665,9
573.15666,9
573.15667,9
573.15668,9
573.15669,9
573.15670,9
573.15671,9
573.15672,9
573.15673,9
573.15674,9
573.15675,9
573.15676,9
573.15677,57
573.15678,57
573.15679,57
573.15680,57
573.15681,57
573.15682,57
573.15683,57
573.15684,57
573.15685,57
573.15686,57
573.15687,57
573.15688,57
573.15689,57
573.15690,57
573.15691,57
573.15692,57
573.15693,57
573.15694,57
573.15695,57
573.15696,57
573.15697,57
573.15698,57
573.15699,57
573.15700,57
573.15701,57
573.15702,57
573.15703,57
573.15704,57
573.15705,57
573.15706,57
573.15707,26
573.15708,57
573.15710,26
573.15711,26
573.15713,9
573.15714,9
573.15716,57
573.15717,57
573.15719,57
573.15720,57
573.15721,57
573.15722,57
573.15724,13
573.15725,13
573.15726,47
573.15727,9
573.15728,57
573.15729,9
573.15730,57
573.15731,57
573.15732,57
573.15733,57
573.15734,45
573.1719,214
573.1720,2
573.1721,2
573.1722,2
573.1723,2
573.1724,2
573.1725,2
573.1726,214
573.1727,214
573.1728,214
573.1729,214
573.1730,214
573.1731,214
573.1732,214
573.1733,214
573.1734,214
573.17908,5
573.17914,2
573.17915,2
573.17927,279
573.17943,280
573.18086,13
573.18087,214
573.18088,9
573.18090,280
573.18093,5
573.18472,281
573.18476,11
573.18477,31
573.18541,9
573.18542,26
573.18543,280
573.18680,2
573.19877,9
573.1996,2
573.1998,2
573.1999,2
573.2000,2
573.2001,2
573.2002,2
573.2003,2
573.2004,2
573.2005,2
573.20059,282
573.2006,2
573.20060,46
573.20061,38
573.20062,26
573.20063,283
573.20064,130
573.20065,11
573.2007,2
573.2008,2
573.2009,2
573.2010,2
573.2011,2
573.2012,2
573.2013,2
573.2015,2
573.2016,2
573.2017,2
573.2018,2
573.2019,2
573.2020,2
573.2021,2
573.2022,2
573.2023,2
573.2024,2
573.2025,2
573.2026,2
573.2027,2
573.2028,2
573.2029,2
573.23196,11
573.23197,284
573.23198,285
573.23199,11
573.23200,233
573.23201,233
573.23202,286
573.23203,285
573.23204,287
573.23205,288
573.23206,233
573.23207,233
573.23208,289
573.23209,284
573.23210,289
573.23211,5
573.23212,289
573.23213,11
573.23214,233
573.23215,285
573.23216,11
573.23217,11
573.23218,290
573.23219,291
573.23220,292
573.23221,233
573.23222,233
573.23223,293
573.23224,285
573.23225,294
573.23228,11
573.23229,11
573.23233,285
573.24243,5
573.24244,295
573.24245,19
573.24246,215
573.24247,5
573.24248,11
573.24249,296
573.24250,297
573.24251,26
573.24252,26
573.24253,98
573.24254,26
573.24255,298
573.24256,5
573.24257,299
573.24258,300
573.24259,301
573.24260,280
573.24261,300
573.24262,19
573.24263,13
573.24264,60
573.24265,145
573.24266,302
573.24267,303
573.24268,31
573.24269,38
573.24270,301
573.24271,280
573.24272,280
573.24273,304
573.24274,46
573.24275,6
573.24276,46
573.24277,280
573.24278,46
573.24279,181
573.24280,305
573.24281,48
573.24282,10
573.24283,6
573.24284,21
573.24285,80
573.24286,2
573.24287,18
573.24288,19
573.24289,19
573.24290,2
573.24291,19
573.24292,19
573.24293,26
573.24294,19
573.24295,85
573.24296,306
573.24297,280
573.24298,301
573.24299,307
573.24300,301
573.24301,2
573.24302,57
573.24303,57
573.24304,2
573.24305,95
573.24306,95
573.24307,308
573.24308,95
573.24309,8
573.24310,280
573.24311,309
573.24312,309
573.24313,5
573.24314,310
573.24315,300
573.24316,5
573.24317,311
573.24318,5
573.24319,2
573.24320,2
573.24321,233
573.24322,2
573.24323,26
573.24324,9
573.24325,9
573.24326,2
573.24327,2
573.24328,130
573.24329,130
573.24330,2
573.24331,2
573.24332,19
573.24333,2
573.24334,312
573.24335,2
573.24336,2
573.24337,313
573.24338,130
573.24339,9
573.24340,2
573.24341,2
573.24342,314
573.24343,2
573.24344,2
573.24345,2
573.24346,2
573.24347,15
573.24348,315
573.24349,8
573.24350,2
573.24351,26
573.24352,316
573.24353,317
573.24354,280
573.24355,2
573.24356,2
573.24357,2
573.24358,2
573.24359,2
573.24360,2
573.24361,318
573.24362,26
573.24363,2
573.24364,2
573.24365,130
573.24366,2
573.24367,2
573.24368,2
573.24369,319
573.24370,2
573.24371,6
573.24372,2
573.24373,11
573.24374,2
573.24375,2
573.24376,215
573.24377,9
573.24378,214
573.24379,2
573.24380,2
573.24381,320
573.24382,2
573.24383,2
573.24384,114
573.24385,2
573.24386,6
573.24387,2
573.24388,26
573.24389,2
573.24390,2
573.24391,130
573.24392,13
573.24393,2
573.24394,13
573.24395,321
573.24396,9
573.24397,5
573.24398,2
573.24399,2
573.24400,29
573.24401,2
573.24402,11
573.24403,2
573.24404,2
573.24405,2
573.24406,2
573.24407,2
573.24408,13
573.24409,2
573.24410,2
573.24411,11
573.24412,2
573.24413,2
573.24414,2
573.24415,2
573.24416,178
573.24417,2
573.24418,2
573.24419,13
573.24420,130
573.24421,2
573.24422,2
573.24423,2
573.24424,2
573.24425,2
573.24426,178
573.24427,2
573.24428,15
573.24429,127
573.24430,2
573.24431,322
573.24432,2
573.24433,2
573.24434,2
573.24435,2
573.24436,2
573.24437,2
573.24438,2
573.24439,2
573.24440,323
573.24441,324
573.24442,325
573.24443,2
573.24444,19
573.24445,2
573.24446,13
573.24447,2
573.24448,2
573.24449,299
573.24450,2
573.24451,2
573.24452,2
573.24453,2
573.24454,2
573.24455,2
573.25568,2
573.25569,326
573.25927,327
573.26073,315
573.26074,328
573.26075,29
573.26076,329
573.26077,330
573.26078,331
573.26079,332
573.26080,333
573.26081,9
573.26082,334
573.26083,31
573.26084,38
573.26085,62
573.26086,335
573.26087,336
573.26088,57
573.26089,19
573.26090,57
573.26091,13
573.26092,9
573.26093,331
573.26094,13
573.26095,40
573.26096,57
573.26097,9
573.26098,337
573.26099,8
573.26100,62
573.26101,31
573.26102,284
573.26103,8
573.26104,62
573.26105,13
573.26106,3
573.26107,13
573.26108,338
573.26109,339
573.26110,13
573.26111,340
573.26112,341
573.26113,342
573.26114,69
573.26115,343
573.26116,328
573.26117,9
573.26118,344
573.26119,3
573.26120,26
573.26121,345
573.26122,69
573.26123,20
573.26124,346
573.26125,69
573.26126,347
573.26127,3
573.26128,327
573.26129,348
573.26130,63
573.26131,347
573.26132,9
573.26133,349
573.26134,350
573.26135,121
573.26136,351
573.26137,40
573.26138,352
573.26139,9
573.26140,38
573.26141,6
573.26142,62
573.26143,138
573.26144,83
573.26145,353
573.26146,6
573.26147,8
573.26148,280
573.26149,354
573.26150,88
573.26151,79
573.26152,355
573.26153,346
573.26154,356
573.26155,18
573.26156,83
573.26157,38
573.26158,346
573.26159,8
573.26160,108
573.26161,357
573.26162,151
573.26163,358
573.26164,359
573.26165,360
573.26166,13
573.26167,67
573.26168,79
573.26169,33
573.26170,8
573.26171,361
573.26172,362
573.26173,363
573.26174,280
573.26175,45
573.26176,5
573.26177,364
573.26178,365
573.26179,361
573.26181,335
573.26182,361
573.26183,361
573.26184,361
573.26185,361
573.26186,361
573.26187,361
573.26188,361
573.26189,366
573.26190,361
573.26191,361
573.26192,361
573.26193,361
573.26194,325
573.26195,367
573.26196,2
573.26197,325
573.26198,48
573.26199,29
573.26200,22
573.26201,62
573.26202,8
573.26203,365
573.26204,368
573.26205,369
573.26206,335
573.26207,20
573.26208,370
573.26209,371
573.26210,372
573.26211,81
573.26212,58
573.26213,373
573.26214,284
573.26215,63
573.26216,284
573.26217,67
573.26218,374
573.26219,375
573.26220,62
573.26221,224
573.26222,376
573.26223,377
573.26224,335
573.26225,378
573.26226,98
573.26227,8
573.26228,379
573.26229,9
573.26232,40
573.26233,6
573.26234,118
573.26235,21
573.26236,118
573.26237,40
573.26238,118
573.26239,380
573.26240,31
573.26241,381
573.26242,349
573.26243,349
573.26244,9
573.26245,382
573.26246,383
573.26247,384
573.26248,11
573.26249,385
573.26250,351
573.26251,386
573.26252,9
573.26253,96
573.26254,67
573.26255,45
573.26256,62
573.26257,387
573.26258,9
573.26259,83
573.26260,21
573.26261,388
573.26262,19
573.26263,389
573.26264,57
573.26265,389
573.26266,118
573.26267,390
573.26268,9
573.26269,182
573.26270,19
573.26271,391
573.26272,392
573.26273,19
573.26274,138
573.26275,45
573.26276,19
573.26277,20
573.26278,9
573.26279,9
573.26280,9
573.26281,19
573.26282,106
573.26283,47
573.26284,393
573.26285,394
573.26286,69
573.26287,395
573.26288,396
573.26289,397
573.26290,398
573.26291,399
573.26292,118
573.26293,40
573.26294,400
573.26295,32
573.26296,69
573.26297,118
573.26298,19
573.26299,94
573.26300,29
573.26301,77
573.26302,401
573.26303,57
573.26304,19
573.26305,118
573.26306,24
573.26307,127
573.26308,21
573.26309,402
573.26310,9
573.26311,57
573.26312,63
573.26313,174
573.26314,6
573.26315,19
573.26316,138
573.26317,9
573.26318,403
573.26319,404
573.26320,405
573.26321,9
573.26322,6
573.26323,19
573.27948,406
573.27949,118
573.27954,31
573.27955,118
573.27956,19
573.29861,9
573.29862,214
573.29863,46
573.29864,214
573.29865,407
573.29866,214
573.29867,214
573.29868,46
573.29869,19
573.29870,46
573.29871,214
573.29872,2
573.29873,214
573.29874,19
573.29875,46
573.29876,19
573.29877,214
573.29878,309
573.29879,309
573.29880,19
573.29881,19
573.29882,19
573.29883,309
573.29884,19
573.29885,19
573.29886,2
573.29887,2
573.29888,214
573.29889,309
573.29890,19
573.29891,19
573.29892,309
573.29893,19
573.29894,19
573.29895,309
573.29896,214
573.29897,214
573.29898,309
573.29899,214
573.29900,408
573.29901,214
573.29902,214
573.29903,214
573.29904,2
573.29905,46
573.29906,214
573.29907,46
573.29908,214
573.29909,214
573.29910,214
573.29911,214
573.29912,214
573.29913,409
573.29914,410
573.29915,214
573.29916,46
573.29917,214
573.29918,309
573.29919,214
573.29920,19
573.29921,411
573.29922,214
573.29923,19
573.29924,19
573.29925,214
573.29926,214
573.29927,5
573.29928,214
573.29929,214
573.29930,214
573.29931,214
573.29932,214
573.29933,214
573.29934,214
573.29935,214
573.29936,46
573.29937,19
573.29938,8
573.29939,31
573.29940,214
573.29941,13
573.29942,19
573.29943,214
573.29944,214
573.29945,19
573.29946,214
573.29947,19
573.29948,214
573.29949,214
573.29950,19
573.29951,214
573.29952,214
573.29953,19
573.29954,214
573.29955,214
573.29956,42
573.29957,19
573.29958,412
573.29959,413
573.29960,327
573.29961,46
573.29962,19
573.29963,13
573.29964,6
573.29965,214
573.29966,26
573.29967,46
573.29968,214
573.29969,214
573.29970,11
573.29971,11
573.29972,46
573.29973,46
573.29974,214
573.29975,46
573.29976,214
573.29977,214
573.29978,214
573.29979,214
573.29980,214
573.29981,214
573.29982,214
573.29983,46
573.29984,214
573.29985,46
573.29986,34
573.29987,214
573.29988,214
573.29989,19
573.29990,214
573.29991,19
573.29992,46
573.29993,214
573.29994,214
573.29995,89
573.29996,46
573.29997,214
573.29998,214
573.29999,19
573.30000,19
573.30001,46
573.30002,13
573.30003,19
573.30004,9
573.30005,214
573.30006,214
573.30007,46
573.30008,46
573.30009,46
573.30010,46
573.30011,214
573.30012,46
573.30013,9
573.30014,19
573.30015,214
573.30016,19
573.30017,46
573.31029,414
573.31030,93
573.31031,45
573.31032,93
573.31034,415
573.31035,93
573.31036,93
573.31038,415
573.31059,416
573.31060,9
573.31061,145
573.31062,145
573.31063,9
573.31064,9
573.31065,9
573.31066,9
573.31067,79
573.31068,417
573.31069,418
573.31070,9
573.31071,419
573.31072,13
573.31073,420
573.31074,2
573.31075,421
573.31076,302
573.31077,365
573.31078,422
573.31079,118
573.31080,26
573.31081,42
573.31082,398
573.31083,77
573.31084,82
573.31085,423
573.31086,19
573.31087,19
573.31088,217
573.31089,81
573.31090,280
573.31091,424
573.31092,425
573.31093,31
573.31094,46
573.31095,426
573.31096,427
573.31097,428
573.31098,429
573.31099,6
573.31100,223
573.31101,5
573.31102,130
573.31103,46
573.31105,46
573.31106,5
573.31107,5
573.31108,5
573.31109,430
573.31110,10
573.31111,5
573.31112,365
573.31113,5
573.31114,5
573.31115,5
573.31116,5
573.31117,13
573.31118,18
573.31119,431
573.31120,13
573.31121,118
573.31122,8
573.31123,432
573.31124,433
573.31126,298
573.31127,434
573.31128,107
573.31129,435
573.31130,23
573.31131,233
573.31132,436
573.31133,13
573.31134,23
573.31135,428
573.31136,79
573.31137,79
573.31138,428
573.31139,87
573.31140,437
573.31141,428
573.31142,438
573.31143,79
573.31144,439
573.31146,126
573.31147,440
573.32131,6
573.32132,6
573.32133,6
573.32134,334
573.32135,48
573.32136,48
573.32137,6
573.32138,365
573.32139,13
573.32339,48
573.33391,13
573.33392,13
573.33393,13
573.33394,13
573.33395,13
573.33396,13
573.33397,13
573.33398,13
573.33399,13
573.33400,13
573.33401,13
573.33402,13
573.33403,13
573.33404,13
573.33405,13
573.33406,13
573.33407,13
573.33408,13
573.33409,13
573.33410,13
573.33411,13
573.33412,13
573.33413,13
573.33414,13
573.33415,13
573.33416,13
573.33417,13
573.33418,13
573.33419,13
573.33420,13
573.33421,13
573.33422,13
573.33903,6
573.34234,308
573.34237,6
573.34239,21
573.34246,69
573.34248,21
573.34250,69
573.34252,198
573.34254,178
573.34255,6
573.34261,69
573.34262,31
573.34278,130
573.34283,441
573.34284,21
573.34294,69
573.34297,442
573.34302,260
573.35513,443
573.40354,327
573.40355,444
573.40356,445
573.40358,2
573.40359,446
573.40360,280
573.40361,90
573.40362,444
573.40363,309
573.40364,6
573.40365,221
573.40366,315
573.40367,447
573.40368,33
573.40369,448
573.40370,449
573.40371,130
573.40372,450
573.40373,298
573.40374,31
573.40375,82
573.40376,13
573.40377,233
573.40378,451
573.40379,19
573.40380,10
573.40381,72
573.40382,36
573.40383,58
573.40384,365
573.40385,359
573.40386,87
573.40387,3
573.40388,83
573.40389,113
573.40390,452
573.40391,86
573.40392,300
573.40393,284
573.40394,11
573.40395,453
573.40396,327
573.40397,454
573.40398,5
573.40399,26
573.40400,80
573.40401,455
573.40402,456
573.40403,9
573.40404,21
573.40405,214
573.40406,133
573.40407,321
573.40408,457
573.40409,106
573.40410,45
573.40411,458
573.40412,301
573.40413,62
573.40414,459
573.40415,460
573.40416,11
573.40417,42
573.40418,13
573.40419,38
573.40420,218
573.40421,461
573.40422,299
573.40423,462
573.40424,91
573.40425,171
573.40426,344
573.40427,69
573.40428,57
573.40429,463
573.40430,229
573.40431,8
573.40432,18
573.40433,146
573.40434,20
573.40435,64
573.40436,77
573.40437,29
573.40438,464
573.40439,465
573.40440,466
573.40441,81
573.40442,118
573.40443,467
573.40444,468
573.40445,345
573.40446,79
573.40447,138
573.40448,216
573.40449,6
573.40450,43
573.40451,469
573.40452,162
573.41077,327
573.41078,445
573.41079,444
573.41081,280
573.41082,470
573.41083,2
573.41084,90
573.41085,444
573.41086,6
573.41087,309
573.41088,447
573.41089,130
573.41090,471
573.41091,472
573.41092,448
573.41093,315
573.41094,33
573.41095,298
573.41096,450
573.41097,233
573.41098,82
573.41099,31
573.41100,13
573.41101,451
573.41102,58
573.41103,365
573.41104,72
573.41105,10
573.41106,19
573.41107,473
573.41108,359
573.41109,113
573.41110,3
573.41111,474
573.41112,83
573.41113,87
573.41114,62
573.41115,11
573.41116,300
573.41117,453
573.41118,86
573.41119,327
573.41120,284
573.41121,5
573.41122,454
573.41123,80
573.41124,475
573.41125,26
573.41126,476
573.41128,457
573.41129,321
573.41130,133
573.41131,21
573.41132,214
573.41133,9
573.41134,477
573.41135,106
573.41136,45
573.41137,458
573.41138,301
573.41139,11
573.41140,460
573.41141,478
573.41142,38
573.41143,218
573.41144,13
573.41145,42
573.41146,299
573.41147,91
573.41148,479
573.41149,480
573.41150,344
573.41151,69
573.41152,57
573.41153,463
573.41154,9
573.41155,8
573.41156,20
573.41157,481
573.41158,18
573.41159,6
573.41160,77
573.41161,64
573.41162,29
573.41163,482
573.41164,222
573.41165,81
573.41166,466
573.41167,118
573.41168,467
573.41169,468
573.41170,216
573.41171,138
573.41172,345
573.41173,162
573.41174,43
573.41175,483
573.41176,79
573.41294,11
573.41295,5
573.41296,484
573.41297,46
573.41298,485
573.41327,130
573.41328,118
573.41931,327
573.41932,444
573.41933,445
573.41935,2
573.41936,486
573.41937,280
573.41938,90
573.41939,444
573.41940,309
573.41941,6
573.41942,487
573.41943,315
573.41944,447
573.41945,33
573.41946,448
573.41947,488
573.41948,130
573.41949,450
573.41950,298
573.41952,31
573.41953,82
573.41954,13
573.41955,233
573.41956,451
573.41957,19
573.41958,10
573.41959,72
573.41960,489
573.41961,58
573.41962,365
573.41963,359
573.41964,87
573.41965,3
573.41966,83
573.41968,113
573.41969,490
573.41970,86
573.41971,300
573.41972,62
573.41974,284
573.41975,11
573.41976,453
573.41977,327
573.41978,454
573.41979,5
573.41980,26
573.41981,80
573.41982,491
573.41983,9
573.41984,492
573.41985,214
573.41986,133
573.41987,21
573.41988,321
573.41989,457
573.41990,106
573.41991,45
573.41992,458
573.41993,301
573.41994,493
573.41995,460
573.41996,11
573.41997,42
573.41998,13
573.41999,38
573.42000,218
573.42001,494
573.42002,299
573.42003,495
573.42004,91
573.42005,496
573.42006,344
573.42007,69
573.42008,57
573.42009,463
573.42010,9
573.42011,8
573.42012,18
573.42013,497
573.42014,20
573.42015,64
573.42016,77
573.42017,29
573.42018,222
573.42019,498
573.42020,466
573.42021,81
573.42022,118
573.42023,467
573.42024,468
573.42025,345
573.42026,79
573.42027,138
573.42028,216
573.42029,6
573.42030,43
573.42031,499
573.42032,162
573.42089,11
573.42093,5
573.42094,500
573.42097,46
573.42098,485
573.42206,130
573.42207,118
573.42871,327
573.42872,444
573.42873,445
573.42875,2
573.42876,501
573.42877,280
573.42878,90
573.42879,444
573.42880,309
573.42881,6
573.42882,502
573.42883,315
573.42884,447
573.42885,33
573.42886,448
573.42887,503
573.42888,130
573.42889,450
573.42890,298
573.42891,31
573.42892,82
573.42893,13
573.42894,233
573.42895,451
573.42896,19
573.42897,10
573.42898,72
573.42899,504
573.42900,58
573.42901,359
573.42902,365
573.42903,87
573.42904,3
573.42905,83
573.42906,113
573.42907,505
573.42908,86
573.42909,62
573.42910,300
573.42911,284
573.42912,11
573.42913,453
573.42914,327
573.42915,454
573.42916,5
573.42917,26
573.42918,80
573.42919,506
573.42920,507
573.42921,9
573.42922,21
573.42923,214
573.42924,133
573.42925,321
573.42926,457
573.42927,45
573.42928,106
573.42929,458
573.42930,301
573.42931,508
573.42932,460
573.42933,11
573.42934,42
573.42935,13
573.42936,38
573.42937,218
573.42938,509
573.42939,299
573.42940,510
573.42941,91
573.42942,511
573.42943,344
573.42944,69
573.42945,57
573.42946,463
573.42947,9
573.42948,8
573.42949,18
573.42950,512
573.42951,20
573.42952,64
573.42953,77
573.42954,29
573.42955,222
573.42956,513
573.42957,466
573.42958,81
573.42959,118
573.42960,467
573.42961,468
573.42962,345
573.42963,79
573.42964,138
573.42965,216
573.42966,6
573.42967,43
573.42968,514
573.42969,162
573.43102,11
573.43103,5
573.43104,515
573.43105,46
573.43106,485
573.43134,130
573.43135,118
573.44046,327
573.44047,444
573.44048,445
573.44050,2
573.44051,516
573.44052,280
573.44053,90
573.44054,444
573.44055,309
573.44056,6
573.44057,517
573.44058,315
573.44059,447
573.44060,33
573.44062,448
573.44063,518
573.44064,130
573.44065,450
573.44066,298
573.44067,31
573.44068,82
573.44069,13
573.44070,233
573.44071,451
573.44072,19
573.44073,10
573.44074,519
573.44075,72
573.44076,58
573.44077,365
573.44078,359
573.44079,87
573.44080,3
573.44081,83
573.44082,113
573.44083,520
573.44084,86
573.44085,62
573.44086,300
573.44087,284
573.44088,11
573.44089,453
573.44090,327
573.44091,454
573.44092,5
573.44093,26
573.44094,80
573.44095,521
573.44096,522
573.44097,9
573.44098,21
573.44099,214
573.44100,133
573.44101,321
573.44102,457
573.44103,106
573.44104,45
573.44105,458
573.44106,301
573.44107,523
573.44108,460
573.44109,11
573.44110,42
573.44111,13
573.44112,38
573.44113,218
573.44114,524
573.44115,299
573.44116,525
573.44117,91
573.44118,526
573.44119,344
573.44120,69
573.44121,57
573.44122,463
573.44123,9
573.44124,8
573.44125,18
573.44126,527
573.44127,20
573.44128,64
573.44129,77
573.44130,29
573.44131,222
573.44132,528
573.44133,466
573.44134,81
573.44135,118
573.44136,467
573.44137,468
573.44138,345
573.44139,79
573.44140,138
573.44141,216
573.44142,6
573.44143,43
573.44144,529
573.44145,162
573.44618,11
573.44619,5
573.44620,530
573.44621,46
573.44622,485
573.44717,130
573.44718,118
573.46064,69
573.46065,69
573.46066,21
573.46067,69
573.46068,69
573.46069,21
573.46070,69
573.46071,21
573.46072,21
573.46073,21
573.46074,21
573.46075,21
573.46076,531
573.46077,18
573.46078,21
573.46079,21
573.46080,21
573.46081,346
573.46082,532
573.46083,270
573.46084,533
573.46085,58
573.46086,534
573.46087,535
573.46088,327
573.46089,536
573.46090,537
573.46091,536
573.46092,538
573.46093,539
573.46094,540
573.46095,18
573.46096,8
573.46097,541
573.46098,349
573.46099,299
573.46100,90
573.46101,542
573.46102,543
573.46103,544
573.46104,545
573.46105,546
573.46106,547
573.46107,548
573.46108,549
573.46109,353
573.46110,550
573.46111,551
573.46112,280
573.46113,552
573.46114,21
573.46115,69
573.46116,45
573.46117,21
573.46118,21
573.46119,21
573.46120,553
573.46829,11
573.46831,11
573.46832,11
573.46833,11
573.46834,11
573.46835,11
573.46836,11
573.46837,11
573.46838,11
573.46839,11
573.46840,11
573.46841,11
573.46842,11
573.46843,11
573.46844,11
573.46845,11
573.46846,11
573.46847,11
573.46848,11
573.46849,11
573.46850,11
573.46851,11
573.46852,11
573.46853,11
573.46854,11
573.46855,11
573.46856,11
573.46857,11
573.46858,11
573.46859,11
573.46860,11
573.46861,11
573.46862,11
573.46863,11
573.46864,11
573.46865,11
573.46866,11
573.46867,11
573.46868,11
573.46869,11
573.46870,11
573.46871,11
573.46872,11
573.46873,11
573.46874,11
573.46875,11
573.46876,11
573.46877,11
573.48017,6
573.48018,554
573.48019,19
573.48020,26
573.48021,13
573.48022,8
573.48023,9
573.48024,31
573.48025,315
573.48026,11
573.48027,118
573.48028,11
573.48029,8
573.48030,11
573.48031,11
573.48032,11
573.48033,118
573.48034,555
573.48035,222
573.48036,326
573.48037,11
573.48038,8
573.48039,11
573.48040,11
573.48041,11
573.48042,556
573.48043,11
573.48044,9
573.48045,13
573.48046,13
573.48047,13
573.48048,13
573.48049,13
573.48050,13
573.48051,557
573.48052,13
573.48053,13
573.48054,13
573.48055,13
573.48056,13
573.48057,13
573.48058,13
573.48059,13
573.48060,13
573.48061,13
573.48062,13
573.48063,13
573.48064,13
573.48065,13
573.48066,13
573.48067,13
573.48068,13
573.48069,13
573.48070,13
573.48071,13
573.48072,13
573.48073,13
573.48074,13
573.48075,13
573.48076,13
573.48077,13
573.48078,13
573.48079,13
573.48080,13
573.48081,13
573.48082,13
573.48083,13
573.48084,13
573.48085,13
573.48086,13
573.48087,13
573.48088,13
573.48089,13
573.48090,13
573.48091,13
573.48092,13
573.48093,13
573.48094,13
573.48095,13
573.48096,13
573.48097,13
573.48098,13
573.48099,13
573.48100,13
573.48101,13
573.48102,13
573.48103,13
573.48104,13
573.48105,13
573.48106,13
573.48107,233
573.48108,233
573.48109,13
573.48110,13
573.48111,13
573.48112,233
573.48113,233
573.48114,233
573.48115,233
573.48116,233
573.48117,233
573.48118,233
573.48119,214
573.48120,13
573.48121,9
573.48122,9
573.48123,9
573.48124,9
573.48125,414
573.48126,291
573.48127,57
573.48128,291
573.48129,291
573.48130,291
573.48131,291
573.48132,291
573.48133,327
573.48134,9
573.48135,9
573.48136,9
573.48137,9
573.48138,9
573.48139,9
573.48140,9
573.48141,9
573.48142,9
573.48143,6
573.48144,6
573.48145,291
573.48146,558
573.48147,559
573.48148,559
573.48149,9
573.48150,9
573.48151,11
573.48152,11
573.48153,9
573.48154,11
573.48155,9
573.48156,31
573.48157,31
573.48158,280
573.48159,559
573.48160,31
573.48161,559
573.48162,218
573.48163,11
573.48164,559
573.48165,8
573.48166,79
573.48167,233
573.48168,560
573.48169,560
573.48170,233
573.48171,560
573.48172,233
573.48173,561
573.48174,233
573.48175,560
573.48176,560
573.48177,214
573.48178,560
573.48179,560
573.48180,560
573.48181,5
573.48182,13
573.48183,26
573.48184,26
573.48185,560
573.48186,233
573.48187,233
573.48188,11
573.48189,560
573.48190,560
573.48191,309
573.48192,233
573.48193,560
573.48194,233
573.48195,145
573.48196,309
573.48197,26
573.48198,560
573.48199,560
573.48200,233
573.48201,26
573.48202,11
573.48203,560
573.48204,560
573.48205,233
573.48206,233
573.48207,561
573.48208,11
573.48209,233
573.48210,233
573.48211,127
573.48212,26
573.48213,11
573.48214,69
573.48215,560
573.48216,69
573.48217,233
573.48218,560
573.48219,233
573.48220,233
573.48221,560
573.48222,11
573.48223,560
573.48224,560
573.48225,233
573.48226,233
573.48227,560
573.48228,561
573.48229,233
573.48230,233
573.48231,233
573.48232,560
573.48233,233
573.48234,9
573.48235,560
573.48236,11
573.48237,5
573.48238,233
573.48239,26
573.48240,233
573.48241,233
573.48242,233
573.48243,233
573.48244,5
573.48245,5
573.48246,5
573.48247,5
573.48248,233
573.48249,233
573.48250,13
573.48251,233
573.48252,233
573.48253,233
573.48254,5
573.48255,233
573.48256,233
573.48257,11
573.48258,415
573.48259,280
573.48260,62
573.48261,9
573.48262,13
573.48263,83
573.48264,5
573.48265,5
573.48266,5
573.48267,5
573.48268,5
573.48269,5
573.48270,5
573.48271,5
573.48272,5
573.48273,562
573.48274,5
573.48275,5
573.48276,5
573.48277,5
573.48278,5
573.48279,25
573.48280,327
573.48281,86
573.48282,93
573.48283,19
573.48938,9
573.48939,9
573.48940,19
573.48941,19
573.48942,563
573.48943,40
573.48944,564
573.48945,565
573.48946,566
573.48947,567
573.48948,11
573.48950,26
573.48951,26
573.48952,26
573.48953,26
573.48954,26
573.48955,26
573.48956,26
573.48957,568
573.48958,20
573.48959,300
573.48960,11
573.48961,162
573.48962,327
573.48963,233
573.48964,560
573.48965,130
573.48966,352
573.48967,26
573.48968,9
573.48969,2
573.48970,120
573.48971,9
573.48972,327
573.48973,9
573.48974,9
573.48975,9
573.48976,9
573.48977,9
573.48978,9
573.48979,9
573.48980,9
573.48981,9
573.48982,9
573.48983,9
573.48984,9
573.48985,9
573.48986,569
573.48987,13
573.48988,570
573.48989,571
573.48990,151
573.48991,572
573.48992,94
573.48993,573
573.48994,94
573.48995,94
573.48996,6
573.48997,62
573.48998,6
573.48999,9
573.49000,327
573.49001,327
573.49002,20
573.49003,327
573.49004,20
573.49005,62
573.49006,62
573.49007,62
573.49008,62
573.49009,62
573.49010,19
573.49011,19
573.49012,574
573.49013,574
573.49014,19
573.49015,19
573.49016,19
573.49017,19
573.49018,62
573.49019,31
573.49020,2
573.49021,2
573.49022,2
573.49023,2
573.49024,2
573.49025,2
573.49026,2
573.49027,2
573.49028,19
573.49029,19
573.49030,46
573.49031,575
573.49032,46
573.49033,576
573.49034,46
573.49035,577
573.49036,46
573.49037,46
573.49038,214
573.49039,19
573.49040,19
573.49041,19
573.49042,19
573.49043,19
573.49044,214
573.49045,214
573.49046,214
573.49047,214
573.49048,46
573.49049,214
573.49050,2
573.49051,19
573.49052,46
573.49053,19
573.49054,214
573.49055,214
573.49056,19
573.49057,214
573.49058,19
573.49059,214
573.49060,46
573.49061,19
573.49062,214
573.49063,214
573.49064,214
573.49065,214
573.49066,46
573.49067,46
573.49068,19
573.49069,2
573.49070,19
573.49071,214
573.49072,19
573.49073,19
573.49074,62
573.49075,578
573.49076,9
573.49077,218
573.49078,11
573.49079,9
573.49080,9
573.49081,579
573.49082,9
573.49083,580
573.49084,580
573.49085,581
573.49086,580
573.49087,9
573.49088,9
573.49089,85
573.49090,9
573.49091,9
573.49092,9
573.49093,9
573.49094,9
573.49095,83
573.49096,431
573.49097,582
573.49098,583
573.49099,584
573.49100,334
573.49101,585
573.49102,586
573.49103,587
573.49104,588
573.49105,58
573.49106,119
573.49107,60
573.49108,9
573.49109,9
573.49110,335
573.49111,9
573.49112,9
573.49113,9
573.49114,13
573.49115,13
573.49116,13
573.49117,13
573.49118,13
573.49119,13
573.49120,13
573.49121,13
573.49122,13
573.49123,13
573.49124,13
573.49125,13
573.49126,13
573.49127,13
573.49128,13
573.49129,13
573.49130,13
573.49131,13
573.49132,13
573.49133,13
573.49134,13
573.49135,13
573.49136,13
573.49137,13
573.49138,13
573.49139,13
573.49140,13
573.49141,13
573.49142,218
573.49143,8
573.49144,9
573.49145,69
573.49146,42
573.49147,374
573.49148,589
573.49149,42
573.49150,590
573.49151,374
573.49152,589
573.49153,374
573.49154,374
573.49155,374
573.49156,589
573.49157,374
573.49158,590
573.49159,589
573.49160,589
573.49161,31
573.49162,390
573.49163,19
573.49164,591
573.49995,94
573.49996,19
573.49997,19
573.49998,592
573.50000,19
573.50183,46
573.50395,593
573.50396,594
573.50397,595
573.50417,596
573.50418,597
573.50419,598
573.50420,599
573.50421,600
573.50422,601
573.50423,602
573.50424,603
573.50425,604
573.50426,605
573.50427,606
573.50428,607
573.50429,608
573.50430,609
573.50431,610
573.50432,611
573.50433,9
573.50434,612
573.50435,613
573.50436,614
573.50437,615
573.50438,616
573.50439,617
573.50440,618
573.50441,619
573.50442,11
573.50443,620
573.50444,621
573.50445,622
573.50446,13
573.50447,330
573.50448,19
573.50449,145
573.50450,19
573.50451,9
573.50452,9
573.50453,13
573.50454,9
573.50455,2
573.50456,9
573.50457,145
573.50458,130
573.50459,623
573.50460,327
573.50461,9
573.50462,572
573.50463,69
573.50464,624
573.50465,44
573.50466,625
573.50467,19
573.50468,19
573.50469,13
573.50470,8
573.50471,5
573.50472,69
573.50473,19
573.50474,327
573.50475,19
573.50476,19
573.50477,19
573.50478,19
573.50479,626
573.50480,19
573.50481,13
573.50482,19
573.50483,627
573.50484,31
573.50485,84
573.50486,13
573.50487,628
573.50488,629
573.50489,630
573.50490,631
573.50491,629
573.50492,632
573.50493,280
573.50494,145
573.50495,79
573.50496,633
573.50497,11
573.50498,6
573.50499,69
573.50500,145
573.50501,11
573.50502,634
573.50503,635
573.50504,11
573.50505,560
573.50506,560
573.50507,560
573.50508,636
573.50509,637
573.50510,309
573.50511,62
573.50512,62
573.50513,365
573.50514,365
573.50515,309
573.50516,309
573.50517,309
573.50518,6
573.50519,6
573.50520,79
573.50521,326
573.50522,205
573.50523,205
573.50524,205
573.50525,79
573.50526,79
573.50527,9
573.50528,560
573.50529,302
573.50530,5
573.50531,5
573.50532,560
573.50533,560
573.50534,560
573.50535,560
573.50536,560
573.50537,302
573.50538,151
573.50539,13
573.50540,638
573.50541,639
573.50542,13
573.50543,48
573.50544,10
573.50545,10
573.50546,399
573.50547,10
573.50548,10
573.50549,10
573.50550,10
573.50551,10
573.50552,10
573.50553,10
573.50554,6
573.50555,10
573.50556,10
573.50557,10
573.50558,10
573.50559,10
573.50560,10
573.50561,10
573.50562,10
573.50563,10
573.50564,640
573.50565,9
573.50566,641
573.50567,13
573.50568,48
573.50569,48
573.50570,9
573.50571,642
573.50572,9
573.50573,3
573.50574,9
573.50575,9
573.50576,9
573.50577,9
573.50578,9
573.50579,9
573.50580,9
573.50581,9
573.50582,643
573.50584,9
573.50585,9
573.50586,79
573.50587,233
573.50588,5
573.50589,309
573.50590,13
573.50591,11
573.50592,145
573.50593,309
573.50594,19
573.50595,233
573.50596,5
573.50597,9
573.50598,26
573.50599,11
573.50600,9
573.50601,9
573.50602,9
573.50603,9
573.50604,9
573.50605,9
573.50606,9
573.50607,9
573.50608,644
573.50609,645
573.50610,646
573.50611,647
573.50612,648
573.50613,649
573.50614,650
573.50615,651
573.50616,652
573.50617,653
573.50618,654
573.50619,655
573.50620,656
573.50621,657
573.50622,658
573.50740,9
573.50741,9
573.51035,641
573.51850,19
573.52166,5
573.52167,5
573.52801,659
573.53747,9
573.53750,660
573.53752,9
573.54649,233
573.55251,661
573.56109,11
573.56205,127
573.5623,2
573.5624,2
573.5636,9
573.5638,9
573.56424,11
573.5644,326
573.5645,2
573.5646,2
573.5647,2
573.5649,280
573.5658,216
573.5661,662
573.5663,207
573.5665,663
573.5672,9
573.5673,327
573.5676,299
573.5677,233
573.5678,162
573.5679,13
573.5681,162
573.5682,138
573.5683,6
573.5684,141
573.5687,26
573.5690,19
573.5691,79
573.5692,162
573.5694,96
573.5695,46
573.5697,327
573.5698,664
573.5700,9
573.5701,26
573.5702,6
573.5705,21
573.5706,13
573.5707,466
573.5709,665
573.5710,19
573.5711,666
573.5712,667
573.5716,668
573.5717,141
573.5719,669
573.5722,141
573.5724,6
573.5726,48
573.5763,2
573.5764,2
573.5765,2
573.5766,11
573.5767,2
573.5768,2
573.5769,9
573.5770,2
573.5777,2
573.5778,2
573.5779,145
573.5780,2
573.5781,2
573.5793,5
573.5794,9
573.5795,46
573.5796,485
573.5797,670
573.5798,9
573.5799,9
573.5800,21
573.5801,69
573.5802,671
573.5803,19
573.5804,299
573.5805,672
573.5806,19
573.5807,26
573.5808,162
573.5809,327
573.5810,408
573.5811,664
573.5812,673
573.5813,674
573.5814,48
573.5815,48
573.5816,48
573.5817,26
573.5818,675
573.5819,48
573.5820,48
573.5821,141
573.5822,141
573.5823,668
573.5824,669
573.5825,141
573.5826,141
573.5827,345
573.5828,6
573.62688,5
573.62689,5
573.62690,11
573.62691,233
573.62692,11
573.62693,233
573.62694,5
573.62696,309
573.62697,309
573.62698,309
573.62699,5
573.62700,6
573.62701,309
573.62702,5
573.62703,11
573.62706,86
573.62707,13
573.62709,86
573.62710,676
573.62711,677
573.62712,5
573.62713,31
573.62715,11
573.62716,11
573.62717,315
573.62718,315
573.62719,233
573.62720,11
573.62721,11
573.62722,11
573.62723,46
573.62724,233
573.62725,46
573.62726,678
573.62727,11
573.62728,19
573.62729,383
573.62730,679
573.62731,680
573.62732,5
573.62733,5
573.62734,5
573.62736,118
573.65893,80
573.65896,365
573.66101,18
573.66102,77
573.66103,3
573.66104,681
573.66105,18
573.66106,18
573.66107,18
573.66108,9
573.66109,9
573.66110,682
573.66111,214
573.66112,77
573.66113,38
573.66114,9
573.66115,214
573.66116,2
573.66117,2
573.66118,683
573.66119,6
573.66120,6
573.66121,6
573.66122,684
573.66123,227
573.66124,77
573.66125,77
573.66126,397
573.66127,214
573.66128,18
573.66129,77
573.66130,685
573.66131,77
573.66132,317
573.66133,38
573.66134,684
573.66135,212
573.66136,77
573.66137,684
573.66138,8
573.66139,162
573.66140,2
573.66141,544
573.66142,686
573.66143,10
573.66144,44
573.66145,79
573.66146,687
573.66147,77
573.66148,214
573.66149,688
573.66150,689
573.66151,9
573.66152,5
573.66153,214
573.66154,19
573.66155,222
573.66156,10
573.66157,79
573.66158,79
573.66159,77
573.66160,79
573.66161,29
573.66162,690
573.66163,162
573.66164,9
573.66165,9
573.66166,203
573.66167,21
573.66168,2
573.66169,5
573.66170,63
573.66171,79
573.66186,29
573.66212,207
573.66213,207
573.66214,11
573.66215,11
573.66216,207
573.66217,13
573.66218,207
573.66219,9
573.66220,9
573.66221,9
573.66222,26
573.66223,11
573.66224,9
573.66225,9
573.66226,13
573.66227,13
573.66228,62
573.66229,62
573.66230,13
573.66231,13
573.66232,13
573.66233,13
573.66234,11
573.66235,13
573.66236,38
573.66237,26
573.66238,13
573.66239,13
573.66240,13
573.66241,19
573.66242,9
573.66243,13
573.66244,9
573.66245,9
573.66246,13
573.66247,13
573.66248,9
573.66249,282
573.66250,19
573.66251,9
573.66252,19
573.66253,207
573.66254,26
573.66255,207
573.66256,207
573.66257,13
573.66258,13
573.66259,13
573.66260,13
573.66261,13
573.66262,13
573.66263,9
573.66264,13
573.66265,9
573.66266,9
573.66267,207
573.66268,26
573.66269,9
573.66270,26
573.66271,13
573.66272,13
573.66273,9
573.66274,9
573.66275,9
573.66276,13
573.66277,9
573.66278,127
573.66279,9
573.66280,13
573.66281,13
573.66282,127
573.66283,207
573.66284,19
573.66285,13
573.66286,13
573.66287,13
573.66288,13
573.66289,13
573.66290,21
573.66291,13
573.66292,13
573.66293,13
573.66294,13
573.66295,13
573.66296,207
573.66297,207
573.66298,13
573.66299,207
573.66300,207
573.66301,26
573.66302,26
573.66303,207
573.66304,26
573.66305,207
573.66306,207
573.66307,127
573.66308,127
573.66309,26
573.66310,26
573.66311,26
573.66312,207
573.66313,26
573.66314,13
573.66315,26
573.66316,26
573.66317,13
573.66318,13
573.66319,26
573.66320,26
573.66321,9
573.66322,9
573.66323,26
573.66324,26
573.66325,13
573.66326,9
573.66327,9
573.66328,11
573.66329,13
573.66330,26
573.66331,13
573.66332,13
573.66333,13
573.66334,13
573.66335,13
573.66336,9
573.66337,9
573.66338,207
573.66339,13
573.66340,9
573.66341,13
573.66342,9
573.66343,207
573.66344,26
573.66345,13
573.66346,691
573.66347,13
573.66348,9
573.66349,26
573.66350,19
573.66351,26
573.66352,26
573.66353,26
573.66354,26
573.66355,11
573.66356,309
573.66357,13
573.66358,13
573.66359,309
573.66360,26
573.66361,13
573.66362,26
573.66363,13
573.66364,13
573.66365,11
573.66366,26
573.66367,13
573.66368,26
573.66369,26
573.66370,26
573.66371,26
573.66372,26
573.66373,11
573.66374,26
573.66375,26
573.66376,26
573.66377,13
573.66378,11
573.66379,485
573.66380,11
573.66381,26
573.66382,26
573.66383,26
573.66384,26
573.66385,26
573.66386,26
573.66387,26
573.66388,9
573.66389,26
573.66390,13
573.66391,207
573.66392,13
573.66393,207
573.66394,13
573.66395,207
573.66396,11
573.66397,9
573.66398,26
573.66399,9
573.66400,11
573.66401,13
573.66402,207
573.66403,207
573.66404,26
573.66405,26
573.66406,11
573.66407,207
573.66408,207
573.66409,11
573.66410,26
573.66411,11
573.66412,207
573.66413,11
573.66414,207
573.66415,207
573.66416,13
573.66417,207
573.66418,9
573.66419,26
573.66420,13
573.66421,26
573.66422,26
573.66423,207
573.66424,207
573.66425,207
573.66426,26
573.66427,207
573.66428,18
573.66429,26
573.66430,11
573.66431,13
573.66432,13
573.66433,11
573.66434,11
573.66435,11
573.66436,6
573.66437,26
573.66438,26
573.66439,13
573.66440,207
573.66441,26
573.66442,13
573.66443,13
573.66444,13
573.66445,26
573.66446,13
573.66447,13
573.66448,26
573.66449,9
573.66450,13
573.66451,13
573.66452,13
573.66453,18
573.66454,26
573.66455,18
573.66456,9
573.66457,19
573.66458,18
573.66459,13
573.66460,6
573.66461,13
573.66462,692
573.66463,13
573.66464,13
573.66465,13
573.66466,13
573.66467,9
573.66468,13
573.66469,13
573.66470,13
573.66471,6
573.66472,13
573.66473,13
573.66474,13
573.66475,13
573.66476,6
573.66477,13
573.66478,9
573.66479,9
573.66480,13
573.66481,19
573.66482,9
573.66483,9
573.66484,13
573.66485,13
573.66486,13
573.66487,26
573.66488,13
573.66489,13
573.66490,26
573.66491,26
573.66492,13
573.66493,26
573.66494,13
573.66495,18
573.66496,9
573.66497,13
573.66498,13
573.66499,13
573.66500,13
573.66501,13
573.66502,13
573.66503,13
573.66504,26
573.66505,13
573.66506,26
573.66507,13
573.66508,9
573.66509,207
573.66510,13
573.66511,9
573.66512,207
573.66513,207
573.66514,9
573.66515,9
573.66516,285
573.66517,98
573.66518,13
573.66519,98
573.66520,11
573.66521,207
573.66522,9
573.66523,98
573.66524,13
573.66525,13
573.66526,13
573.66527,98
573.66528,207
573.66529,207
573.66530,207
573.66531,13
573.66532,11
573.66533,26
573.66534,13
573.66535,26
573.66536,13
573.66537,13
573.66538,13
573.66539,13
573.66540,13
573.66541,11
573.66542,13
573.66543,13
573.66544,13
573.66545,13
573.66546,249
573.66547,207
573.66548,9
573.66549,207
573.66550,46
573.66551,13
573.66552,62
573.66553,13
573.66554,62
573.66555,9
573.66556,9
573.66557,13
573.66558,13
573.66559,13
573.66560,13
573.66561,13
573.66562,127
573.66563,9
573.66564,9
573.66565,693
573.66571,249
573.66584,13
573.67178,2
573.67181,694
573.67182,19
573.67183,327
573.67184,214
573.67185,280
573.67186,13
573.67187,19
573.67188,214
573.67189,212
573.67190,13
573.67191,3
573.67192,227
573.67193,45
573.67194,6
573.67195,44
573.67196,3
573.67197,3
573.67198,686
573.67199,80
573.67200,695
573.67201,688
573.67202,695
573.67203,695
573.67204,162
573.67205,273
573.67206,69
573.67207,696
573.67208,1
573.67209,162
573.67210,8
573.67211,32
573.67212,18
573.67213,3
573.67214,697
573.67215,2
573.67216,365
573.67217,46
573.67218,327
573.67219,2
573.67220,9
573.67221,698
573.67222,2
573.67223,9
573.67224,212
573.67225,698
573.67226,77
573.67227,9
573.67228,3
573.67229,212
573.67230,214
573.67231,9
573.67232,8
573.67233,212
573.67234,77
573.67235,77
573.67236,21
573.67237,2
573.67238,699
573.67239,700
573.67240,3
573.67241,2
573.67242,701
573.67243,684
573.67244,214
573.67245,356
573.67246,214
573.67247,77
573.67248,2
573.67249,77
573.67250,2
573.67251,77
573.67252,21
573.67253,77
573.67254,539
573.67255,69
573.67256,11
573.67257,9
573.67258,22
573.67259,69
573.67260,94
573.67261,5
573.67262,5
573.67263,694
573.67264,162
573.67265,6
573.67266,19
573.67267,69
573.67268,77
573.67269,327
573.67270,6
573.67271,77
573.67272,2
573.67273,6
573.67274,684
573.67275,77
573.67276,3
573.67277,77
573.67278,273
573.67279,162
573.67280,317
573.67281,3
573.67282,55
573.67283,539
573.67284,46
573.67285,77
573.67286,321
573.67287,702
573.67288,214
573.67289,703
573.67290,687
573.67291,6
573.67292,45
573.67293,2
573.67294,2
573.67295,2
573.67296,2
573.67297,2
573.67298,2
573.67299,2
573.67300,684
573.67301,2
573.67302,2
573.67303,3
573.67304,3
573.67305,321
573.67306,11
573.67307,3
573.67308,3
573.67309,3
573.67310,13
573.67311,62
573.67312,2
573.67313,2
573.67314,3
573.67315,2
573.67316,2
573.67317,694
573.67318,11
573.67319,21
573.67320,38
573.67321,639
573.67322,327
573.67323,704
573.67324,19
573.67325,3
573.67326,210
573.67327,3
573.67328,3
573.67329,2
573.67330,21
573.67331,327
573.67332,2
573.67333,162
573.67334,44
573.67335,2
573.67336,3
573.67337,3
573.67338,2
573.67339,705
573.67340,706
573.67341,45
573.67373,233
573.67374,11
573.67375,11
573.67376,233
573.67377,5
573.67378,5
573.67379,5
573.67380,309
573.67381,5
573.67382,309
573.67384,309
573.67385,5
573.67386,11
573.67387,309
573.67388,5
573.67389,6
573.67391,86
573.67392,86
573.67393,13
573.67395,5
573.67397,676
573.67398,677
573.67399,31
573.67400,11
573.67401,11
573.67402,233
573.67403,315
573.67404,11
573.67405,46
573.67406,11
573.67407,11
573.67408,315
573.67409,233
573.67410,46
573.67411,678
573.67412,11
573.67413,19
573.67414,680
573.67415,383
573.67416,679
573.67417,5
573.67418,11
573.67419,5
573.67420,5
573.67421,118
573.67673,13
573.67674,6
573.67678,212
573.69393,10
573.7022,218
573.7023,359
573.7024,2
573.7025,90
573.7026,280
573.7027,2
573.7028,2
573.7029,2
573.7030,31
573.7031,11
573.7032,6
573.7033,98
573.7096,118
573.7362,9
573.78759,707
573.78760,458
573.78761,399
573.78762,708
573.78763,709
573.78764,400
573.78765,710
573.78769,711
573.78770,712
573.78771,6
573.78774,713
573.78775,714
573.78776,1
573.78778,94
573.78779,715
573.78780,231
573.78781,1
573.78782,716
573.78783,466
573.78784,717
573.78785,718
573.78786,102
573.78788,719
573.78789,6
573.78790,720
573.78791,72
573.78792,45
573.78793,414
573.78794,721
573.78795,722
573.78796,40
573.78797,723
573.78798,6
573.78801,724
573.78804,102
573.91415,130
573.91418,130
573.91419,725
573.91420,8
573.91422,46
573.91423,346
573.91425,75
573.91426,346
573.91447,8
573.91451,726
573.91452,727
573.91453,11
573.91454,625
573.91455,8
573.91456,181
573.91457,181
573.91458,558
573.91461,113
573.91462,8
573.91463,728
573.91464,558
573.91466,728
573.91467,729
573.91468,729
573.91473,5
573.91474,5
573.91475,730
573.91477,31
573.91483,8
573.91488,10
573.91489,5
573.92115,9
573.92116,731
573.92117,732
573.92118,9
573.92119,62
573.92120,733
573.92121,558
573.92122,734
573.92123,62
573.92124,735
573.92150,62
573.92151,62
573.92152,62
573.92808,79
573.92809,46
573.92810,13
573.92811,19
573.92812,321
573.92813,736
573.92815,309
573.92816,18
573.92817,11
573.92818,19
573.92819,309
573.92820,305
573.93175,737
573.93176,738
573.93177,739
573.93247,145
573.93248,19
573.93249,309
573.93250,9
573.93251,26
573.93252,740
573.93253,11
573.95507,632
573.9721,138
573.9722,5
573.9723,2
573.9724,2
574.20,741
574.26,280
574.27,280
72407.1435,742
72407.1436,9
72407.1437,145
72407.1438,743
72407.1439,145
72407.1440,145
72407.1602,9
72407.1754,19
72407.1755,13
72407.1761,19
72407.1762,45
72407.1763,261
72407.1764,5
72407.1765,298
72407.1766,744
72407.1767,31
72407.1768,745
72407.1769,746
72407.1770,747
72407.1771,748
72407.1772,81
72407.1773,162
72407.1774,749
72407.1775,750
72407.1776,46
72407.1777,751
72407.1778,31
72407.1779,55
72407.1780,642
72407.1781,752
72407.1782,753
72407.1783,754
72407.1784,118
72407.1785,19
72407.1786,6
72407.1787,755
72407.1788,18
72407.1789,756
72407.1790,757
72407.1791,758
72407.1792,759
72407.1793,8
72407.1794,13
72407.1795,79
72407.1796,760
72407.1797,697
72407.1798,761
72407.1799,118
72407.1800,762
72407.1801,763
72407.1802,764
72407.1803,555
72407.1804,5
72407.1805,765
72407.1806,555
72407.1807,13
72407.1808,13
72407.1809,466
72407.1810,31
72407.1811,6
72407.1812,79
72407.1813,766
72407.1814,767
72407.1815,94
72407.1816,768
72407.1817,769
72407.1818,770
72407.1819,19
72407.1820,771
72407.1821,772
72407.1822,13
72407.1823,27
72407.1824,10
72407.1825,221
72407.1826,555
72407.1827,773
72407.1828,11
72407.1829,11
72407.1830,774
72407.1831,315
72407.1832,58
72407.1833,775
72407.1834,467
72407.1835,48
72407.1836,776
72407.1837,777
72407.1838,778
72407.1839,779
72407.1840,94
72407.1841,6
72407.1842,780
72407.1843,14
72407.1844,778
72407.1845,781
72407.1846,151
72407.1847,782
72407.3161,79
72407.3162,79
72407.3168,9
72407.3169,783
72407.3170,62
72407.3171,784
72407.3172,9
72407.3173,9
72407.3174,62
72407.3175,62
72407.477,221
72407.478,31
72407.479,79
72407.480,785
72407.481,13
72407.482,31
72407.483,13
72407.484,13
72407.485,786
72407.486,787
72407.487,13
72407.488,788
72407.489,13
72407.490,221
72407.491,301
72407.492,301
72407.493,13
72407.494,13
72407.495,221
72407.496,79
72407.497,13
72407.498,79
72407.499,13
72407.500,221
72407.501,69
72407.502,31
72407.503,13
72407.504,787
72407.505,789
72407.506,13
72407.507,79
72407.508,13
72407.509,301
72407.510,79
72407.511,301
72407.512,221
72407.513,79
72407.514,162
72407.515,79
72407.516,162
72407.517,790
72407.518,162
72407.519,13
72407.520,10
72407.521,791
72407.522,6
72407.523,6
72407.524,13
72407.525,162
72407.526,162
72407.527,45
72407.528,162
72407.529,13
72407.530,45
72407.531,13
72407.532,13
72407.533,10
72407.534,13
72407.535,8
72407.536,145
72407.537,145
72407.538,13
72407.539,13
72407.540,79
72407.541,13
72407.542,86
72407.543,13
72407.544,13
72407.545,13
72407.546,86
72407.547,86
72407.548,13
72407.549,79
72407.550,79
72407.551,13
72407.552,86
72407.553,772
72407.554,13
72407.555,162
72407.556,772
72407.557,162
72407.558,13
72407.559,162
72407.560,79
72407.561,79
72407.562,792
72407.563,221
72407.564,792
72407.565,13
72407.566,79
72407.567,221
72407.568,13
72407.569,787
72407.570,231
72407.571,13
72407.572,787
72407.573,13
72407.574,787
72407.575,13
72407.576,787
72407.577,79
72407.578,792
72407.579,787
72407.580,79
72407.581,13
72407.582,69
72407.583,69
72407.584,793
72407.585,13
72407.586,13
72407.587,13
72407.588,162
72407.589,794
72407.590,79
72407.591,795
72407.592,13
72407.593,13
72407.594,79
72407.595,790
72407.596,794
72407.597,772
72407.693,2
72407.698,162
941259.4,26
